date,description,amount,category
2022-06-27,"Callahan, Ross and Pennington Polarized content-based approach",22.31,Health & Fitness
2022-09-27,Castro-Kirk Implemented actuating product,197.18,Rent
2022-08-05,"Casey, Love and Brown Quality-focused multi-tasking functionalities",142.89,Shopping
2022-07-09,Simon-Brady Quality-focused coherent standardization,130.98,Transportation
2022-08-04,Short-Branch Multi-layered grid-enabled function,296.1,Gifts & Donations
2023-01-02,Vaughn and Sons Centralized intermediate migration,322.34,Pets
2023-02-20,Wilson-Bailey Digitized 24hour functionalities,194.7,Food & Drink
2023-01-02,Perez Ltd Intuitive reciprocal service-desk,268.54,Rent
2022-06-04,Brown PLC Progressive local system engine,358.96,Food & Drink
2022-09-01,Tucker-Shepherd Fully-configurable object-oriented solution,383.2,Insurance
2022-09-01,"Dunn, Oconnor and Murray Devolved non-volatile groupware",210.96,Education
2022-10-25,"Caldwell, Cline and Blanchard Synchronized grid-enabled Graphical User Interface",496.15,Home Improvement
2023-02-10,Riggs PLC Cross-group 6thgeneration Internet solution,248.75,Rent
2022-10-21,"Davis, Martin and Bennett Total responsive support",106.11,Insurance
2022-10-28,Garcia-Mason Open-architected next generation artificial intelligence,12.26,Health & Fitness
2022-12-02,Rogers Group Distributed 3rdgeneration forecast,219.51,Rent
2022-08-05,Taylor-Blackwell Networked client-server middleware,98.63,Travel
2023-02-06,Conrad-Smith Self-enabling maximized project,136.73,Health & Fitness
2022-05-10,Herrera Group Monitored fault-tolerant customer loyalty,167.09,Rent
2022-11-16,Martin-Cherry Sharable impactful projection,360.06,Education
2022-07-28,"Johns, Brown and Myers Decentralized incremental database",368.6,Insurance
2022-10-02,Gomez-Mullen Self-enabling clear-thinking approach,334.19,Transportation
2022-07-18,Gonzales Inc Robust incremental emulation,210.73,Health & Fitness
2022-06-11,Watson-Johnson Configurable grid-enabled knowledgebase,289.4,Personal Care
2022-07-06,Warren PLC Upgradable contextually-based matrices,486.49,Health & Fitness
2022-06-24,Martinez-Gonzalez Cross-platform actuating success,403.02,Travel
2023-01-30,Hill-Harris Horizontal high-level groupware,75.62,Groceries
2022-12-10,"Lewis, Bryant and Maldonado Reactive dedicated portal",420.72,Groceries
2022-08-10,Barker-Fox Persistent optimal database,148.7,Home Improvement
2022-11-01,"Parsons, Pierce and Gonzales De-engineered non-volatile function",451.65,Health & Fitness
2022-12-01,Reynolds Group Implemented reciprocal framework,232.4,Groceries
2022-10-14,"Allen, Briggs and Delacruz Cross-platform tertiary open architecture",355.27,Travel
2022-12-13,Walker-Dixon Virtual composite matrices,460.46,Shopping
2023-02-02,Henderson LLC Function-based background throughput,296.3,Rent
2022-09-17,"Mccoy, Meyer and King Open-source needs-based toolset",436.81,Health & Fitness
2022-05-23,Smith PLC Front-line homogeneous architecture,246.77,Entertainment
2022-08-08,Fernandez-Martinez Versatile upward-trending secured line,51.5,Groceries
2022-10-29,Gonzalez-Roberts Grass-roots homogeneous open system,460.21,Insurance
2022-10-22,"Estrada, Chambers and Wallace Horizontal zero-defect firmware",373.64,Gifts & Donations
2022-11-14,"Torres, Roman and Herman Advanced hybrid middleware",292.43,Insurance
2022-06-08,Brock and Sons Multi-tiered bandwidth-monitored workforce,459.97,Shopping
2022-08-29,"Sellers, Roth and Kline Reactive object-oriented neural-net",401.95,Shopping
2022-11-03,Harris-Callahan Profit-focused asymmetric migration,429.95,Rent
2022-10-04,Lawson-Hinton Managed needs-based forecast,381.19,Utilities
2022-12-09,Mcfarland-Bond Optional composite leverage,116.85,Education
2022-09-24,Atkinson-Sanders Virtual secondary help-desk,436.28,Personal Care
2022-09-01,"Mitchell, Harvey and Woods Cloned homogeneous website",452.02,Home Improvement
2022-09-17,Krause Inc Multi-lateral well-modulated complexity,112.87,Home Improvement
2023-02-05,Parker LLC Integrated coherent Internet solution,227.43,Education
2022-08-03,Barnes-Morris Function-based mobile capacity,399.76,Pets
2022-08-10,"Powell, Marshall and Dennis Centralized didactic knowledgebase",169.69,Utilities
2022-11-01,"Morgan, Arroyo and Lee Balanced stable collaboration",377.35,Insurance
2022-05-15,Gonzalez Ltd Total empowering challenge,162.5,Utilities
2022-10-28,Fitzgerald and Sons User-friendly local paradigm,354.55,Pets
2022-09-07,"Nelson, Ward and Wong Secured object-oriented protocol",493.49,Home Improvement
2022-09-01,Miranda-Parsons Ameliorated multi-tasking implementation,435.42,Pets
2022-05-12,Torres-Gibson Profound system-worthy productivity,248.31,Shopping
2022-11-23,Ramos-Smith Programmable fresh-thinking intranet,414.64,Home Improvement
2022-05-25,Garcia PLC Customer-focused directional info-mediaries,472.63,Travel
2022-10-07,"Shaw, Campbell and Stewart Cloned static orchestration",288.46,Personal Care
2022-08-19,Rivera LLC Networked dedicated throughput,293.41,Health & Fitness
2022-07-08,Taylor-Watson Multi-tiered disintermediate structure,235.13,Pets
2022-06-03,Hester-Schmidt Enterprise-wide optimizing emulation,363.48,Pets
2023-02-02,Myers-Monroe Phased eco-centric productivity,480.29,Entertainment
2022-08-01,Griffin Group Re-engineered explicit knowledgebase,482.61,Travel
2022-08-21,"Johnson, Allen and Thomas Cloned foreground capability",96.85,Gifts & Donations
2022-09-10,Kim-Lee De-engineered real-time forecast,410.11,Shopping
2023-01-12,West Group Inverse methodical knowledge user,413.01,Food & Drink
2022-11-13,Allison-Ortiz Distributed clear-thinking knowledge user,424.12,Food & Drink
2022-11-12,"Shields, Foster and Leblanc Re-engineered zero-defect Local Area Network",430.25,Home Improvement
2022-07-08,Love-Banks User-friendly homogeneous system engine,187.36,Health & Fitness
2022-06-06,Davis-Nguyen Balanced asynchronous extranet,185.83,Transportation
2022-11-13,"Jones, James and Andrade Focused didactic function",282.24,Home Improvement
2023-01-17,Stanton LLC Reduced disintermediate encoding,429.07,Utilities
2022-06-29,Clark LLC Synergistic empowering focus group,208.75,Utilities
2022-06-20,Murphy LLC Organic context-sensitive leverage,224.11,Education
2022-07-26,Smith-Ellis Open-source clear-thinking ability,487.98,Food & Drink
2023-01-17,Mccullough-King Total holistic alliance,90.96,Health & Fitness
2022-09-22,"Jones, Kim and Ford Organized needs-based functionalities",300.13,Personal Care
2023-02-28,"Thomas, Wilson and Torres Self-enabling explicit portal",121.46,Gifts & Donations
2023-01-16,Dominguez-Russell Intuitive multi-state algorithm,173.32,Home Improvement
2022-06-13,Ayala-Wilkerson Organic explicit open system,470.12,Groceries
2022-06-18,Burnett-Lewis Public-key leadingedge concept,342.31,Insurance
2022-11-10,Koch LLC Secured actuating access,395.44,Travel
2022-07-22,Lucas PLC Persevering user-facing attitude,256.42,Education
2022-12-30,"Morrow, Mann and Washington Vision-oriented value-added Internet solution",332.03,Pets
2022-09-16,"Haney, Weaver and Melton Open-source zero administration product",301.28,Transportation
2022-11-11,"Jackson, Phillips and Richardson Diverse disintermediate parallelism",37.3,Health & Fitness
2022-09-01,Barnes LLC User-friendly context-sensitive ability,250.57,Pets
2022-06-09,Lara PLC Down-sized next generation productivity,131.82,Personal Care
2022-09-20,Gray Inc Organized homogeneous forecast,353.91,Food & Drink
2022-12-10,Jones-Arnold Persevering context-sensitive secured line,485.83,Groceries
2022-11-13,Gaines Group Right-sized disintermediate website,187.02,Pets
2022-12-20,Miller LLC Open-source executive implementation,68.64,Health & Fitness
2022-08-29,Diaz-Sanchez Monitored discrete capacity,207.36,Education
2022-06-13,"Robinson, Gutierrez and Hart Programmable background success",401.05,Transportation
2022-10-23,Hughes-Foster Sharable non-volatile contingency,280.08,Utilities
2023-02-18,Bullock-Davis Streamlined bifurcated model,302.92,Gifts & Donations
2022-12-01,Sullivan-Wells Vision-oriented tertiary knowledgebase,32.6,Travel
2022-08-03,Sanchez-Robinson Triple-buffered bottom-line capacity,199.92,Transportation
2022-12-11,"Smith, Gonzalez and Cannon User-friendly full-range superstructure",135.47,Transportation
2023-01-26,Garcia Inc Persevering modular toolset,421.7,Pets
2022-08-08,"Haley, Leonard and Robbins Customizable real-time firmware",337.13,Transportation
2022-05-21,Meyers-Fisher Organic reciprocal Local Area Network,198.68,Entertainment
2023-02-15,Lang Inc Horizontal zero administration process improvement,478.71,Education
2023-02-08,Mills Group Upgradable transitional firmware,419.94,Travel
2022-07-31,"Burch, Myers and Burns Cross-platform demand-driven monitoring",60.56,Shopping
2022-08-23,Tucker-Melton Open-source explicit pricing structure,468.38,Pets
2022-12-09,Nielsen and Sons Front-line maximized customer loyalty,439.91,Gifts & Donations
2022-09-25,Leonard LLC Self-enabling well-modulated access,412.19,Personal Care
2023-02-28,Ortega Ltd Persistent user-facing info-mediaries,194.63,Personal Care
2022-09-30,Cooper and Sons Re-engineered optimal intranet,271.53,Insurance
2022-09-01,Meza Group Reactive uniform middleware,369.59,Transportation
2022-09-04,Love-Miles Public-key reciprocal standardization,210.24,Travel
2022-05-27,Barnes-David Face-to-face systemic circuit,341.47,Gifts & Donations
2022-11-27,"Wilson, Lee and Rocha Streamlined demand-driven knowledge user",161.07,Utilities
2022-07-10,Flynn-Rojas Assimilated grid-enabled moderator,50.43,Utilities
2022-09-25,Sanford LLC Fully-configurable global matrix,302.68,Pets
2022-08-12,"Hall, Hoffman and Luna Configurable leadingedge support",29.92,Shopping
2022-12-24,"Mcintosh, Brown and Ross Robust solution-oriented workforce",444.35,Rent
2022-08-02,Bishop-Wilson Open-source client-server emulation,45.67,Utilities
2023-02-18,"Kim, Willis and Gross User-centric systemic solution",234.2,Shopping
2023-01-29,"Clark, Avery and Cuevas Business-focused asymmetric alliance",433.98,Gifts & Donations
2022-12-29,"Monroe, Morales and Johnson Organic clear-thinking access",463.99,Insurance
2022-05-20,"Daniels, Hudson and Dougherty Reverse-engineered static policy",294.19,Pets
2022-12-08,"Tucker, Robinson and Martin Fully-configurable explicit software",173.8,Health & Fitness
2022-12-11,"Clay, Davis and Fernandez Re-engineered methodical task-force",309.24,Groceries
2023-02-07,Short Inc Ergonomic 6thgeneration application,338.82,Health & Fitness
2022-08-05,Allison-Jordan Seamless background conglomeration,58.2,Travel
2022-10-13,Turner-Daniels Secured maximized budgetary management,200.02,Groceries
2022-07-18,Jimenez-Phillips Compatible local Graphical User Interface,117.78,Insurance
2022-08-18,Maxwell-Morse Vision-oriented client-server forecast,153.05,Insurance
2022-11-19,"Good, Cooper and Thomas Reduced radical portal",192.3,Insurance
2022-09-17,Hudson Group Customizable uniform middleware,433.34,Insurance
2022-07-16,Lawson-Bauer Organic optimizing data-warehouse,460.32,Home Improvement
2022-10-21,Reese LLC Universal dedicated secured line,187.17,Education
2022-11-13,Estes-Zimmerman Intuitive mission-critical complexity,239.07,Entertainment
2022-11-14,Klein LLC Self-enabling bifurcated adapter,325.59,Insurance
2023-01-13,"Brooks, Myers and Harper Universal client-server superstructure",247.17,Health & Fitness
2022-10-25,Frederick-Petty Automated web-enabled methodology,341.37,Insurance
2022-10-17,Clark and Sons Centralized intangible architecture,154.17,Rent
2022-07-10,Griffin-Bridges Fundamental transitional software,66.56,Groceries
2022-08-20,Howard LLC Re-engineered clear-thinking initiative,209.75,Transportation
2022-05-21,Jenkins-Newman Extended national strategy,27.65,Education
2022-12-16,Hardy-Hardin Mandatory composite customer loyalty,221.18,Shopping
2022-11-18,Rodriguez Group Programmable asymmetric encoding,16.8,Shopping
2022-05-15,Thomas Ltd Vision-oriented heuristic artificial intelligence,230.75,Gifts & Donations
2022-06-18,Thompson-Cooper Grass-roots scalable function,107.08,Travel
2022-10-05,"Lester, Miller and Kelley Ameliorated motivating frame",368.32,Travel
2022-08-20,"Hayes, Rosales and Mueller Function-based coherent adapter",472.71,Education
2022-09-18,Miller PLC Organized homogeneous database,36.28,Shopping
2022-11-29,Smith and Sons Multi-tiered tangible solution,103.11,Gifts & Donations
2022-07-04,Baldwin PLC Quality-focused multimedia workforce,239.84,Home Improvement
2022-06-01,"Wells, Hall and Cook Down-sized incremental standardization",158.8,Gifts & Donations
2022-08-26,"Daniels, Hayes and Alvarez Distributed 5thgeneration leverage",133.81,Groceries
2022-09-10,Browning Ltd Business-focused even-keeled Graphic Interface,33.74,Shopping
2022-07-17,Russell-Evans Right-sized uniform challenge,394.01,Gifts & Donations
2022-06-22,Hughes-Harrison Virtual grid-enabled extranet,98.93,Health & Fitness
2023-01-25,Jackson-Porter Ameliorated secondary middleware,310.01,Education
2022-10-29,Lee-Mcguire Sharable encompassing info-mediaries,473.61,Entertainment
2023-01-17,Goodwin PLC Virtual exuding conglomeration,125.64,Home Improvement
2023-01-10,Lopez-Payne Organized grid-enabled hub,479.64,Food & Drink
2022-11-23,Cooke and Sons Cloned dynamic adapter,233.06,Insurance
2022-12-18,Branch LLC Synergistic asymmetric neural-net,375.24,Travel
2022-10-20,Russell-Thompson Re-contextualized zero administration task-force,59.9,Rent
2022-11-17,Hodge PLC Automated 3rdgeneration open system,374.28,Shopping
2022-07-01,Long Ltd Multi-tiered maximized array,215.46,Entertainment
2022-08-14,"Lopez, Holland and Ingram Multi-layered analyzing knowledge user",248.81,Utilities
2022-12-03,"Thomas, Arnold and Smith Devolved zero tolerance structure",455.09,Groceries
2022-11-05,"Chaney, Clark and Kane Multi-lateral discrete contingency",50.34,Rent
2022-12-25,Snow Inc Decentralized dedicated throughput,20.06,Education
2022-06-03,Harrison-White Virtual 6thgeneration leverage,463.39,Entertainment
2022-08-09,Johnson-Young Cloned non-volatile conglomeration,491.4,Pets
2022-10-18,Bradley Ltd Cross-group bottom-line support,296.49,Rent
2022-05-31,Cantrell Inc Expanded national throughput,325.38,Insurance
2022-06-03,Bryant LLC Ergonomic methodical flexibility,291.36,Gifts & Donations
2022-05-31,"Miller, Valdez and Hughes Up-sized maximized time-frame",210.59,Personal Care
2022-12-29,"Blackburn, Harris and Wilson Open-architected mobile functionalities",220.09,Insurance
2023-01-12,Richard-Alvarez Pre-emptive even-keeled array,84.98,Entertainment
2022-06-17,Tate-Cohen Configurable regional collaboration,335.71,Rent
2022-08-12,Brown-Miles Quality-focused static groupware,164.61,Gifts & Donations
2022-09-25,"Stuart, Williams and Solomon Virtual exuding standardization",376.16,Education
2023-01-15,Anderson-Erickson Balanced full-range installation,433.37,Groceries
2022-06-06,"Carlson, Davis and Davis Exclusive methodical Internet solution",303.66,Rent
2022-06-03,Fitzgerald-Haynes Cloned contextually-based flexibility,484.46,Home Improvement
2022-11-14,Kelly-Howard Organic static workforce,365.84,Home Improvement
2022-12-30,Atkinson LLC Re-engineered real-time portal,419.47,Pets
2022-06-04,"Phillips, Martin and Berg Robust analyzing challenge",150.16,Groceries
2023-02-13,Booth Ltd Operative non-volatile interface,153.56,Groceries
2022-11-03,Chavez-Schwartz Mandatory real-time success,145.72,Health & Fitness
2022-12-20,"Allen, Blanchard and Reed Robust zero tolerance circuit",152.9,Transportation
2022-12-19,Short Inc Persevering 5thgeneration infrastructure,471.24,Food & Drink
2022-05-21,West and Sons Polarized 3rdgeneration initiative,55.35,Health & Fitness
2022-08-03,Martin-Mcdaniel Organic impactful Graphical User Interface,166.35,Pets
2022-12-18,"Clarke, Jones and Hamilton Integrated client-driven knowledgebase",426.59,Pets
2022-08-03,"Kramer, Riley and Baker Cross-platform maximized toolset",82.28,Transportation
2022-07-22,"Callahan, Brown and Smith Quality-focused leadingedge utilization",104.29,Shopping
2022-10-09,Brewer and Sons Phased methodical portal,345.27,Health & Fitness
2022-10-21,Baird PLC Phased zero administration utilization,276.85,Food & Drink
2022-06-28,Evans LLC Front-line local superstructure,446.75,Groceries
2023-02-25,Warren Inc Advanced upward-trending migration,33.53,Travel
2023-02-11,"Ritter, Stevens and Powell Switchable encompassing benchmark",311.84,Transportation
2022-09-01,Watts Inc Networked bottom-line policy,57.52,Gifts & Donations
2022-11-03,Young and Sons Switchable asynchronous alliance,369.79,Entertainment
2022-06-07,Smith-Armstrong Centralized dedicated methodology,474.08,Education
2022-05-17,Gillespie Inc Horizontal bottom-line access,274.89,Gifts & Donations
2022-10-08,"Lewis, Turner and Garza Reduced foreground implementation",459.98,Personal Care
2022-12-16,Rivera LLC Expanded multimedia attitude,116.14,Home Improvement
2022-08-29,Jackson-Chan Reduced mobile capacity,296.7,Rent
2022-12-18,Wilson Group Reduced next generation monitoring,102.88,Groceries
2023-01-10,Valentine-Sanchez Integrated tertiary challenge,247.67,Personal Care
2023-01-03,"Parker, Ryan and Sloan Optional upward-trending secured line",250.56,Transportation
2022-06-02,"Carter, Schroeder and Joseph Extended holistic moderator",307.1,Travel
2022-06-30,Riley Group Realigned clear-thinking infrastructure,31.66,Pets
2022-08-05,Contreras-Wood Multi-channeled full-range migration,366.18,Health & Fitness
2022-09-05,Bowman and Sons Synergized object-oriented help-desk,5.45,Entertainment
2022-06-19,"Mullins, Meyer and Mcpherson Open-architected 6thgeneration superstructure",280.73,Pets
2022-09-02,Cross and Sons Exclusive 6thgeneration open system,448.37,Transportation
2022-06-10,"Lewis, Dominguez and Rogers Customizable zero-defect solution",189.31,Education
2022-09-09,Villa-Goodman Pre-emptive demand-driven installation,416.7,Utilities
2023-01-06,"Baker, Garcia and Hernandez Monitored exuding functionalities",324.87,Home Improvement
2022-11-19,Barker-Martin Triple-buffered systemic benchmark,15.73,Education
2022-12-17,"Morris, Martin and King Multi-layered neutral monitoring",425.37,Shopping
2022-07-03,"Rosales, Diaz and Lucas Public-key context-sensitive function",142.98,Travel
2022-11-03,"Lopez, Bishop and Anderson Multi-tiered optimizing initiative",386.18,Personal Care
2022-10-02,"Chan, Thompson and Davis Sharable fault-tolerant firmware",391.67,Entertainment
2022-05-19,"Flynn, Peters and Williams Profit-focused client-server data-warehouse",84.69,Shopping
2023-02-01,"Wilson, Malone and Lyons Centralized 24hour model",183.63,Groceries
2023-02-24,"Grant, Byrd and Potts Multi-channeled 5thgeneration definition",72.07,Rent
2022-08-09,Ramirez-Smith Synergized neutral matrices,112.64,Shopping
2022-07-27,Smith LLC User-friendly homogeneous knowledge user,9.47,Groceries
2022-12-15,"Mooney, Cross and Alvarez De-engineered 24/7 open system",26.87,Personal Care
2022-09-06,"Chase, Dennis and Martin Intuitive high-level migration",347.95,Insurance
2022-11-02,Gardner Group Progressive grid-enabled methodology,160.92,Travel
2022-08-13,Smith-Pollard Cloned scalable extranet,27.83,Pets
2022-11-01,"Reynolds, Zuniga and Taylor Fully-configurable bottom-line software",465.26,Shopping
2022-07-04,Mills-Hopkins Switchable discrete website,345.07,Transportation
2023-01-08,Pitts and Sons Fundamental fault-tolerant application,473.02,Utilities
2023-02-05,"Craig, Hunter and Richardson Automated leadingedge protocol",176.26,Education
2023-01-14,Garza and Sons Robust client-driven firmware,317.02,Home Improvement
2023-01-20,Zamora LLC Re-engineered hybrid framework,465.7,Personal Care
2022-09-11,"Price, Chambers and Robertson Open-architected 24hour open system",487.41,Health & Fitness
2023-02-11,Petersen-Carr Networked well-modulated pricing structure,179.8,Health & Fitness
2023-01-26,Patterson-Miller User-friendly grid-enabled solution,362.6,Shopping
2022-08-07,"Cox, Reed and Allen Universal stable Internet solution",354.21,Food & Drink
2022-10-26,"Morris, Neal and Lamb Vision-oriented 24/7 attitude",79.63,Shopping
2023-01-04,Lara-Silva Inverse directional utilization,168.33,Insurance
2022-08-29,Kelly Group Polarized solution-oriented matrix,493.23,Education
2023-02-19,"Thompson, Valentine and Smith Total tertiary Internet solution",91.85,Transportation
2022-09-17,"Burns, Gonzales and Reed Managed intangible alliance",18.56,Rent
2022-12-07,Sanchez-Shelton Down-sized neutral service-desk,306.57,Rent
2022-06-06,"Greer, Castillo and Smith Open-architected actuating analyzer",76.62,Food & Drink
2022-05-14,Bennett and Sons Compatible 24/7 software,488.18,Gifts & Donations
2022-12-06,Bowers-Franklin Synchronized content-based process improvement,189.93,Utilities
2022-08-19,Gray Group Up-sized heuristic leverage,262.32,Entertainment
2022-08-31,Garcia-Coffey Triple-buffered 24/7 software,183.5,Groceries
2022-05-26,"Flores, Wright and Brown Quality-focused transitional middleware",183.62,Transportation
2022-06-01,"Anderson, Price and Martinez Open-source intangible framework",166.65,Transportation
2022-06-02,Abbott-Murray Organic asynchronous groupware,9.04,Insurance
2022-07-16,Bailey Inc Enterprise-wide systematic structure,292.96,Shopping
2022-09-17,Miller Group Reactive optimizing instruction set,431.68,Transportation
2022-05-10,Williams-Cruz Compatible multimedia info-mediaries,268.14,Rent
2023-02-22,Evans Inc Balanced web-enabled moderator,441.65,Entertainment
2022-07-17,Marsh-Vasquez Centralized client-driven throughput,87.02,Shopping
2022-07-03,"Norman, Preston and Moore Triple-buffered reciprocal solution",411.71,Home Improvement
2023-01-06,George-Holland Secured web-enabled collaboration,118.71,Food & Drink
2022-10-18,Williamson LLC Visionary client-driven forecast,176.66,Travel
2022-10-20,"Henry, Curry and Hahn Networked maximized project",294.01,Insurance
2022-08-13,Buchanan and Sons Reactive encompassing interface,203.11,Education
2022-06-18,Allen-Harrison Customizable static protocol,351.41,Pets
2022-05-26,"Sherman, Leblanc and Daniels Intuitive directional paradigm",212.16,Groceries
2022-09-16,Hines Inc Public-key uniform project,476.05,Pets
2022-12-24,Hamilton PLC Self-enabling intermediate benchmark,52.07,Pets
2022-11-04,Shepherd and Sons Programmable 6thgeneration success,102.54,Insurance
2022-08-02,"Carter, Peterson and Shah Digitized uniform leverage",52.73,Shopping
2023-01-01,"Gray, Watson and Johnson User-friendly logistical methodology",414.59,Groceries
2022-07-20,"Young, Morrow and Williams Self-enabling interactive customer loyalty",419.36,Rent
2022-09-18,Flowers Ltd Visionary system-worthy product,315.25,Education
2022-06-26,Smith-Williams Compatible needs-based leverage,60.89,Pets
2023-02-15,"Wagner, Booker and Garcia Team-oriented transitional initiative",458.49,Home Improvement
2022-07-09,"Valenzuela, Baldwin and Jordan Synchronized hybrid paradigm",367.05,Pets
2022-07-08,Austin and Sons Realigned regional time-frame,337.61,Pets
2022-12-23,"White, Bray and Figueroa Business-focused leadingedge algorithm",172.28,Health & Fitness
2022-07-15,Washington and Sons Enterprise-wide client-server firmware,323.54,Travel
2022-06-09,Fields-Rodgers Balanced optimizing complexity,150.05,Home Improvement
2022-10-18,"Quinn, Jones and Mendoza Enterprise-wide bifurcated open system",384.01,Shopping
2022-09-18,Boone PLC Versatile solution-oriented help-desk,497.68,Entertainment
2023-01-18,Thomas Ltd Inverse explicit paradigm,226.18,Education
2022-10-03,Jones-Jimenez Optimized contextually-based migration,265.61,Shopping
2022-08-30,Schroeder Inc Customizable zero administration superstructure,435.32,Groceries
2022-11-25,Schroeder-Taylor Balanced intangible focus group,452.4,Pets
2022-12-23,Roman and Sons Pre-emptive logistical application,329.34,Insurance
2022-07-26,Gordon Inc Distributed demand-driven access,112.46,Travel
2022-06-07,Harris-Williamson Organized empowering circuit,28.05,Shopping
2022-06-17,"Phillips, Dawson and Martinez Multi-tiered stable system engine",447.65,Utilities
2022-05-27,Mcknight-Bennett Cross-platform zero tolerance open architecture,447.75,Groceries
2022-11-18,Taylor-Holland Cloned 24hour productivity,414.12,Education
2022-10-27,Sanders-Berry Re-engineered systematic function,473.9,Food & Drink
2022-11-23,Walker-Hernandez Configurable actuating policy,319.71,Transportation
2022-08-09,Rodriguez Inc Versatile coherent structure,288.92,Food & Drink
2023-01-13,Anderson-Freeman Multi-layered optimal complexity,214.16,Insurance
2022-06-30,Wiggins LLC Optional actuating initiative,181.41,Pets
2023-02-14,Holland LLC Right-sized zero administration functionalities,126.78,Education
2023-02-12,Pena-Anderson Fundamental object-oriented monitoring,188.28,Entertainment
2022-12-17,Owens LLC Integrated multi-state definition,310.2,Entertainment
2022-07-15,"Shaw, Alexander and Gonzales User-centric value-added data-warehouse",275.03,Utilities
2022-11-18,Ellis-Richardson Decentralized 5thgeneration collaboration,402.0,Rent
2022-05-20,"Rivera, Wright and Sharp Profound 24/7 moratorium",316.59,Transportation
2022-08-05,Martin-Thomas Open-architected grid-enabled benchmark,133.12,Personal Care
2023-02-15,"Garrett, Hensley and Taylor Devolved attitude-oriented info-mediaries",388.47,Utilities
2022-11-21,Campbell-Stevenson Right-sized object-oriented solution,479.73,Health & Fitness
2022-06-28,Smith-Lucas Robust mission-critical secured line,262.82,Home Improvement
2022-06-21,Patel-Lowe Customer-focused context-sensitive projection,199.93,Education
2022-10-24,Hoffman and Sons Reverse-engineered interactive challenge,465.23,Education
2022-05-31,Weaver PLC Assimilated zero administration knowledge user,271.59,Shopping
2023-01-21,Smith-Flores Operative static flexibility,378.95,Rent
2022-07-27,"Raymond, Woods and Barnett Down-sized secondary extranet",400.71,Shopping
2022-12-28,"Harrington, Hutchinson and Gray Cross-group national success",440.62,Gifts & Donations
2023-02-04,Kramer-Harper Future-proofed zero administration capacity,237.4,Shopping
2023-02-08,"Schwartz, Brown and Carlson Reverse-engineered tangible open architecture",311.3,Home Improvement
2022-07-14,"Harris, Jackson and Wilson Sharable 5thgeneration parallelism",276.3,Travel
2022-09-21,Smith and Sons Phased dedicated hardware,304.02,Gifts & Donations
2022-09-30,"Alexander, Thompson and Smith Realigned asymmetric collaboration",126.42,Entertainment
2022-09-20,Levy-Butler Advanced empowering projection,480.08,Personal Care
2022-06-14,Rangel-Powers Polarized uniform access,134.34,Education
2022-11-25,Gonzalez and Sons Total real-time concept,120.41,Insurance
2022-09-17,"Carpenter, Anderson and Owens Polarized intermediate parallelism",233.42,Insurance
2022-09-16,Moore-Gill Sharable grid-enabled frame,37.74,Utilities
2022-08-29,Walter-Rowland Ergonomic executive open system,336.61,Shopping
2022-12-06,"Andersen, Wilson and Clark Programmable uniform circuit",461.48,Personal Care
2023-02-03,"Johnson, Jones and Swanson Diverse didactic secured line",282.36,Transportation
2022-08-22,Figueroa PLC Ergonomic intermediate application,452.29,Shopping
2022-10-16,"Farrell, Adams and Powell Ergonomic context-sensitive flexibility",414.2,Personal Care
2022-12-27,Nolan-Benton Triple-buffered executive secured line,441.23,Groceries
2022-10-03,"Taylor, Gonzales and Collins Synergized analyzing forecast",180.09,Travel
2022-06-09,"Williams, Atkins and Craig Robust national core",333.99,Groceries
2022-06-19,Bennett Inc Adaptive maximized frame,184.29,Health & Fitness
2022-05-31,"Robbins, Chan and Bailey Expanded uniform frame",441.73,Rent
2022-08-13,Neal PLC Diverse bifurcated matrix,344.02,Transportation
2022-07-26,"Zhang, Carpenter and Davis Reactive solution-oriented infrastructure",113.87,Groceries
2023-01-20,Gentry Inc Devolved discrete framework,488.25,Shopping
2023-02-06,Hodge-Cook Decentralized leadingedge function,118.91,Personal Care
2022-07-29,Moran and Sons Synchronized neutral Graphical User Interface,388.41,Travel
2022-08-10,"Fuller, Murphy and Weaver Multi-channeled fresh-thinking installation",263.91,Rent
2022-06-05,"Mayer, Cardenas and Lane Programmable demand-driven installation",236.65,Entertainment
2022-12-25,Lee-Rich Re-engineered cohesive system engine,298.3,Shopping
2022-05-25,Miller LLC Centralized 24hour architecture,292.18,Entertainment
2022-10-26,Barber Inc Universal leadingedge time-frame,203.13,Pets
2022-05-14,Harris Group Business-focused interactive archive,200.26,Personal Care
2023-02-17,"Mayo, Sandoval and Soto Expanded mobile extranet",204.28,Gifts & Donations
2022-11-16,Kelly Ltd Monitored static function,322.91,Utilities
2022-09-25,Case-Burke Synchronized actuating customer loyalty,487.4,Gifts & Donations
2022-12-09,"Weber, Jennings and Frazier Grass-roots zero administration pricing structure",79.28,Entertainment
2022-06-15,Carter and Sons Switchable needs-based neural-net,254.34,Pets
2022-09-28,"Roberts, Miranda and Murphy Seamless web-enabled installation",383.47,Insurance
2022-07-12,Jones Inc Quality-focused grid-enabled task-force,259.98,Insurance
2022-12-29,"Walton, Bautista and Thompson Reverse-engineered human-resource application",349.43,Pets
2022-05-22,Rodriguez-Leonard Diverse radical access,483.03,Pets
2022-09-21,Barnes-Sanchez Intuitive eco-centric emulation,152.0,Shopping
2022-07-17,"Espinoza, Johnson and Walker Multi-tiered 3rdgeneration pricing structure",14.62,Groceries
2022-12-16,Montgomery Ltd Re-contextualized static Internet solution,372.0,Personal Care
2022-11-16,Snow-Pittman Devolved fresh-thinking application,447.19,Rent
2023-01-28,"George, Ramirez and Fuller Grass-roots reciprocal neural-net",269.67,Health & Fitness
2022-08-03,"Mullen, Patton and Russo Reverse-engineered 6thgeneration paradigm",277.21,Personal Care
2022-08-05,Mathews Inc Devolved 3rdgeneration budgetary management,474.7,Education
